Wall time,Step,Value
1719820007.5299878,1000,0.04195574298501015
1719820245.5673437,5000,0.03867039829492569
1719820408.7674067,7000,0.03359806537628174
1719820611.1080413,10000,0.03057030960917473
1719820905.8695238,15000,0.02713456191122532
1719821216.9392664,20000,0.02171773836016655
1719821499.0883222,25000,0.020571989938616753
1719821856.4243903,30000,0.019673673436045647
