Wall time,Step,Value
1719827064.1871703,1000,0.04046699032187462
1719827288.0751173,5000,0.036366719752550125
1719827477.3142228,7000,0.03311502933502197
1719827689.5036066,10000,0.030680859461426735
1719827949.0005581,15000,0.02787000685930252
1719828204.826341,20000,0.02226024866104126
1719828451.8944736,25000,0.020711150020360947
1719828722.2005088,30000,0.019947536289691925
