Wall time,Step,Value
1719822075.162568,1000,0.040692463517189026
1719822325.2722025,5000,0.03468798100948334
1719822502.6906936,7000,0.031850289553403854
1719822750.6256807,10000,0.029336318373680115
1719823055.0941257,15000,0.027200551703572273
1719823403.6312478,20000,0.02105036936700344
1719823723.7879348,25000,0.01972210966050625
1719824026.3771718,30000,0.01872658170759678
